region,month,total_volume
Albany,2015-01,176518.01
Albany,2015-02,214704.25000000003
Albany,2015-03,260515.51
Albany,2015-04,199983.15
Albany,2015-05,495255.92
Albany,2015-06,412102.38
Albany,2015-07,441955.33
Albany,2015-08,458631.18
Albany,2015-09,355506.32
Albany,2015-10,289125.55
Albany,2015-11,404965.89999999997
Albany,2015-12,320632.93
Albany,2016-01,553390.87
Albany,2016-02,460531.33
Albany,2016-03,408795.02
Albany,2016-04,349324.03
Albany,2016-05,624854.35
Albany,2016-06,477947.13
Albany,2016-07,572140.71
Albany,2016-08,457420.5
Albany,2016-09,363149.61
Albany,2016-10,405937.39
Albany,2016-11,257315.46
Albany,2016-12,333529.19
Albany,2017-01,543588.25
Albany,2017-02,472880.45
Albany,2017-03,428037.49
Albany,2017-04,516521.16000000003
Albany,2017-05,459787.22
Albany,2017-06,375749.14999999997
Albany,2017-07,483870.08
Albany,2017-08,386046.24
Albany,2017-09,334812.67
Albany,2017-10,362382.61
Albany,2017-11,356351.09
Albany,2017-12,511555.37
Albany,2018-01,441899.93
Albany,2018-02,549317.65
Albany,2018-03,550768.59
Atlanta,2015-01,1728319.95
Atlanta,2015-02,1969062.33
Atlanta,2015-03,2236038.8
Atlanta,2015-04,1737202.75
Atlanta,2015-05,2667918.24
Atlanta,2015-06,2026686.24
Atlanta,2015-07,1991478.69
Atlanta,2015-08,2174571.0
Atlanta,2015-09,1799848.44
Atlanta,2015-10,1585945.33
Atlanta,2015-11,1806559.24
Atlanta,2015-12,1508067.11
Atlanta,2016-01,2450549.41
Atlanta,2016-02,2197858.4299999997
Atlanta,2016-03,2032269.91
Atlanta,2016-04,2214480.19
Atlanta,2016-05,3463166.5
Atlanta,2016-06,2661237.89
Atlanta,2016-07,2938170.17
Atlanta,2016-08,2331901.71
Atlanta,2016-09,2220143.56
Atlanta,2016-10,2250659.91
Atlanta,2016-11,1664207.14
Atlanta,2016-12,1902233.48
Atlanta,2017-01,3124351.9299999997
Atlanta,2017-02,2806439.68
Atlanta,2017-03,1963965.68
Atlanta,2017-04,2702186.05
Atlanta,2017-05,2421540.52
Atlanta,2017-06,2385469.8699999996
Atlanta,2017-07,2701116.4
Atlanta,2017-08,2045937.69
Atlanta,2017-09,1765310.55
Atlanta,2017-10,2206118.53
Atlanta,2017-11,1997682.44
Atlanta,2017-12,2695000.64
Atlanta,2018-01,2648430.61
Atlanta,2018-02,2859667.25
Atlanta,2018-03,2723324.59
BaltimoreWashington,2015-01,2883524.15
BaltimoreWashington,2015-02,3322598.5
BaltimoreWashington,2015-03,3673052.06
BaltimoreWashington,2015-04,3096270.52
BaltimoreWashington,2015-05,4483919.89
BaltimoreWashington,2015-06,3524850.73
BaltimoreWashington,2015-07,3358908.59
BaltimoreWashington,2015-08,4083070.86
BaltimoreWashington,2015-09,3199022.11
BaltimoreWashington,2015-10,3013250.0500000003
BaltimoreWashington,2015-11,3453340.85
BaltimoreWashington,2015-12,2553771.23
BaltimoreWashington,2016-01,4293032.8
BaltimoreWashington,2016-02,3564211.09
BaltimoreWashington,2016-03,3401178.32
BaltimoreWashington,2016-04,3411552.13
BaltimoreWashington,2016-05,4770762.29
BaltimoreWashington,2016-06,3471365.91
BaltimoreWashington,2016-07,3912270.1799999997
BaltimoreWashington,2016-08,3018169.11
BaltimoreWashington,2016-09,3142905.33
BaltimoreWashington,2016-10,3182947.67
BaltimoreWashington,2016-11,2256006.41
BaltimoreWashington,2016-12,2469401.08
BaltimoreWashington,2017-01,4107462.23
BaltimoreWashington,2017-02,3706621.2
BaltimoreWashington,2017-03,3197251.09
BaltimoreWashington,2017-04,3884708.28
BaltimoreWashington,2017-05,3454131.7
BaltimoreWashington,2017-06,3004755.75
BaltimoreWashington,2017-07,3565763.0
BaltimoreWashington,2017-08,2901299.61
BaltimoreWashington,2017-09,2916546.35
BaltimoreWashington,2017-10,3583770.42
BaltimoreWashington,2017-11,2799774.3
BaltimoreWashington,2017-12,3893550.5300000003
BaltimoreWashington,2018-01,4056382.4899999998
BaltimoreWashington,2018-02,3945429.08
BaltimoreWashington,2018-03,4157091.43
Boise,2015-01,274361.81
Boise,2015-02,329648.56
Boise,2015-03,357269.87
Boise,2015-04,329873.66000000003
Boise,2015-05,427096.83
Boise,2015-06,332292.26
Boise,2015-07,299214.01
Boise,2015-08,333470.4
Boise,2015-09,270813.89
Boise,2015-10,259941.55
Boise,2015-11,286783.22
Boise,2015-12,283591.28
Boise,2016-01,438643.08999999997
Boise,2016-02,391783.74
Boise,2016-03,395294.97
Boise,2016-04,384215.66
Boise,2016-05,454347.09
Boise,2016-06,439916.82
Boise,2016-07,491788.83999999997
Boise,2016-08,331224.58
Boise,2016-09,350374.32
Boise,2016-10,407630.94
Boise,2016-11,249253.11000000002
Boise,2016-12,319036.37
Boise,2017-01,512234.13
Boise,2017-02,457194.72000000003
Boise,2017-03,403309.92
Boise,2017-04,511634.72000000003
Boise,2017-05,419850.93
Boise,2017-06,393576.41
Boise,2017-07,451414.21
Boise,2017-08,333473.99
Boise,2017-09,259201.18000000002
Boise,2017-10,333302.16
Boise,2017-11,286574.7
Boise,2017-12,398794.24
Boise,2018-01,400113.77999999997
Boise,2018-02,425981.20999999996
Boise,2018-03,388664.57999999996
Boston,2015-01,1748752.35
Boston,2015-02,1866963.73
Boston,2015-03,2231136.7
Boston,2015-04,1841870.16
Boston,2015-05,2930761.19
Boston,2015-06,2363180.83
Boston,2015-07,2327482.26
Boston,2015-08,2959164.18
Boston,2015-09,2296679.34
Boston,2015-10,2313073.98
Boston,2015-11,2563906.6799999997
Boston,2015-12,2012020.24
Boston,2016-01,3176288.24
Boston,2016-02,2676761.27
Boston,2016-03,2582072.67
Boston,2016-04,2515102.9099999997
Boston,2016-05,3767928.6300000004
Boston,2016-06,2591285.14
Boston,2016-07,2701003.38
Boston,2016-08,2332596.8200000003
Boston,2016-09,2250777.01
Boston,2016-10,2243905.4
Boston,2016-11,1671201.49
Boston,2016-12,2062392.1099999999
Boston,2017-01,3113700.49
Boston,2017-02,2754265.95
Boston,2017-03,2279921.91
Boston,2017-04,3004461.4
Boston,2017-05,2547455.11
Boston,2017-06,2390173.0100000002
Boston,2017-07,3072344.23
Boston,2017-08,2246353.66
Boston,2017-09,2053448.52
Boston,2017-10,2416029.4
Boston,2017-11,2082591.16
Boston,2017-12,2649927.32
Boston,2018-01,3135741.22
Boston,2018-02,2715726.86
Boston,2018-03,2785537.88
BuffaloRochester,2015-01,448934.08
BuffaloRochester,2015-02,509748.99
BuffaloRochester,2015-03,589865.18
BuffaloRochester,2015-04,530246.58
BuffaloRochester,2015-05,718108.59
BuffaloRochester,2015-06,539155.9400000001
BuffaloRochester,2015-07,495633.14
BuffaloRochester,2015-08,394737.17
BuffaloRochester,2015-09,314871.61
BuffaloRochester,2015-10,427671.58
BuffaloRochester,2015-11,513009.54
BuffaloRochester,2015-12,411252.2
BuffaloRochester,2016-01,729784.0
BuffaloRochester,2016-02,618349.3099999999
BuffaloRochester,2016-03,615017.28
BuffaloRochester,2016-04,671611.77
BuffaloRochester,2016-05,890755.39
BuffaloRochester,2016-06,712402.71
BuffaloRochester,2016-07,737303.99
BuffaloRochester,2016-08,467225.68
BuffaloRochester,2016-09,490047.76
BuffaloRochester,2016-10,585427.55
BuffaloRochester,2016-11,327595.32
BuffaloRochester,2016-12,359591.25
BuffaloRochester,2017-01,771678.53
BuffaloRochester,2017-02,572249.75
BuffaloRochester,2017-03,628391.12
BuffaloRochester,2017-04,856402.3600000001
BuffaloRochester,2017-05,651209.19
BuffaloRochester,2017-06,526187.06
BuffaloRochester,2017-07,797320.9
BuffaloRochester,2017-08,632541.21
BuffaloRochester,2017-09,573530.44
BuffaloRochester,2017-10,561282.41
BuffaloRochester,2017-11,486617.12
BuffaloRochester,2017-12,682895.66
BuffaloRochester,2018-01,682148.0
BuffaloRochester,2018-02,682711.84
BuffaloRochester,2018-03,758958.2
California,2015-01,22920432.83
California,2015-02,27136965.05
California,2015-03,29837948.8
California,2015-04,22390827.22
California,2015-05,33034580.06
California,2015-06,25175395.44
California,2015-07,23404583.13
California,2015-08,28580804.3
California,2015-09,21248673.07
California,2015-10,19928057.44
California,2015-11,26589985.41
California,2015-12,21159180.36
California,2016-01,33482875.84
California,2016-02,30822251.6
California,2016-03,26283057.12
California,2016-04,26697041.23
California,2016-05,35840687.86
California,2016-06,27583891.49
California,2016-07,33050215.7
California,2016-08,26458531.96
California,2016-09,24917535.33
California,2016-10,23480940.13
California,2016-11,16143478.36
California,2016-12,21427876.29
California,2017-01,37480003.94
California,2017-02,31333222.27
California,2017-03,22079037.72
California,2017-04,29907496.52
California,2017-05,26762101.96
California,2017-06,27017832.45
California,2017-07,29974347.27
California,2017-08,20922086.56
California,2017-09,17707159.97
California,2017-10,22858592.87
California,2017-11,20981459.77
California,2017-12,30621186.91
California,2018-01,25153696.71
California,2018-02,31445376.87
California,2018-03,27142235.36
Charlotte,2015-01,656638.01
Charlotte,2015-02,776563.26
Charlotte,2015-03,900504.21
Charlotte,2015-04,760159.3099999999
Charlotte,2015-05,1081053.57
Charlotte,2015-06,817561.14
Charlotte,2015-07,775171.77
Charlotte,2015-08,935215.5599999999
Charlotte,2015-09,744351.75
Charlotte,2015-10,626248.22
Charlotte,2015-11,792903.25
Charlotte,2015-12,620973.37
Charlotte,2016-01,1048716.06
Charlotte,2016-02,952592.29
Charlotte,2016-03,857349.42
Charlotte,2016-04,854566.38
Charlotte,2016-05,1186152.55
Charlotte,2016-06,880917.33
Charlotte,2016-07,1080773.8699999999
Charlotte,2016-08,811566.9
Charlotte,2016-09,793291.19
Charlotte,2016-10,906641.26
Charlotte,2016-11,585897.07
Charlotte,2016-12,628256.68
Charlotte,2017-01,1142784.1300000001
Charlotte,2017-02,1042057.25
Charlotte,2017-03,870442.28
Charlotte,2017-04,1134819.31
Charlotte,2017-05,1026012.64
Charlotte,2017-06,898622.45
Charlotte,2017-07,1128490.49
Charlotte,2017-08,878176.0
Charlotte,2017-09,807888.79
Charlotte,2017-10,936742.73
Charlotte,2017-11,762520.6799999999
Charlotte,2017-12,1267033.65
Charlotte,2018-01,1146898.28
Charlotte,2018-02,1195798.93
Charlotte,2018-03,1243192.39
Chicago,2015-01,3183213.86
Chicago,2015-02,3407409.23
Chicago,2015-03,4095628.13
Chicago,2015-04,3243760.69
Chicago,2015-05,4441443.15
Chicago,2015-06,3356591.29
Chicago,2015-07,3382287.46
Chicago,2015-08,3982957.1
Chicago,2015-09,3140811.62
Chicago,2015-10,2844426.91
Chicago,2015-11,3637170.12
Chicago,2015-12,2779016.9699999997
Chicago,2016-01,4340165.72
Chicago,2016-02,3596771.48
Chicago,2016-03,3403166.56
Chicago,2016-04,3407276.5300000003
Chicago,2016-05,4867064.9
Chicago,2016-06,3547228.47
Chicago,2016-07,3786063.01
Chicago,2016-08,2633837.61
Chicago,2016-09,2568389.25
Chicago,2016-10,2500451.69
Chicago,2016-11,2191946.5300000003
Chicago,2016-12,2770274.27
Chicago,2017-01,4274111.1
Chicago,2017-02,4060390.38
Chicago,2017-03,2857329.85
Chicago,2017-04,3903375.76
Chicago,2017-05,3490702.73
Chicago,2017-06,3476811.63
Chicago,2017-07,4302367.25
Chicago,2017-08,2703545.51
Chicago,2017-09,2418168.57
Chicago,2017-10,2858845.0700000003
Chicago,2017-11,2272688.22
Chicago,2017-12,4362418.28
Chicago,2018-01,3668744.2800000003
Chicago,2018-02,4386337.5200000005
Chicago,2018-03,3559149.81
CincinnatiDayton,2015-01,859518.71
CincinnatiDayton,2015-02,883600.63
CincinnatiDayton,2015-03,1117091.04
CincinnatiDayton,2015-04,887848.68
CincinnatiDayton,2015-05,1252445.76
CincinnatiDayton,2015-06,987177.18
CincinnatiDayton,2015-07,968264.32
CincinnatiDayton,2015-08,1171706.76
CincinnatiDayton,2015-09,914047.63
CincinnatiDayton,2015-10,881140.9199999999
CincinnatiDayton,2015-11,1048458.83
CincinnatiDayton,2015-12,784875.54
CincinnatiDayton,2016-01,1182598.3800000001
CincinnatiDayton,2016-02,1000593.1699999999
CincinnatiDayton,2016-03,955942.92
CincinnatiDayton,2016-04,908170.1799999999
CincinnatiDayton,2016-05,1396579.39
CincinnatiDayton,2016-06,1218218.07
CincinnatiDayton,2016-07,1490062.09
CincinnatiDayton,2016-08,1149039.24
CincinnatiDayton,2016-09,1152036.0
CincinnatiDayton,2016-10,1398481.94
CincinnatiDayton,2016-11,983431.11
CincinnatiDayton,2016-12,1185713.8900000001
CincinnatiDayton,2017-01,1719735.85
CincinnatiDayton,2017-02,1455220.9
CincinnatiDayton,2017-03,1170044.29
CincinnatiDayton,2017-04,1306954.5999999999
CincinnatiDayton,2017-05,1485261.3599999999
CincinnatiDayton,2017-06,1413311.24
CincinnatiDayton,2017-07,1351939.69
CincinnatiDayton,2017-08,1098477.71
CincinnatiDayton,2017-09,841819.46
CincinnatiDayton,2017-10,1008793.77
CincinnatiDayton,2017-11,1098969.85
CincinnatiDayton,2017-12,1196149.18
CincinnatiDayton,2018-01,1216649.8599999999
CincinnatiDayton,2018-02,1227568.29
CincinnatiDayton,2018-03,1154069.14
Columbus,2015-01,534825.83
Columbus,2015-02,581592.85
Columbus,2015-03,767369.14
Columbus,2015-04,609504.92
Columbus,2015-05,909698.95
Columbus,2015-06,704182.3200000001
Columbus,2015-07,657157.49
Columbus,2015-08,769385.71
Columbus,2015-09,630146.33
Columbus,2015-10,552757.68
Columbus,2015-11,635626.86
Columbus,2015-12,497534.04
Columbus,2016-01,903637.12
Columbus,2016-02,707091.42
Columbus,2016-03,646298.38
Columbus,2016-04,730975.23
Columbus,2016-05,1075310.95
Columbus,2016-06,754040.37
Columbus,2016-07,941466.99
Columbus,2016-08,687708.25
Columbus,2016-09,697885.63
Columbus,2016-10,719696.84
Columbus,2016-11,522474.0
Columbus,2016-12,672881.35
Columbus,2017-01,1039804.39
Columbus,2017-02,953566.74
Columbus,2017-03,675865.62
Columbus,2017-04,1065207.85
Columbus,2017-05,889632.1699999999
Columbus,2017-06,972175.5399999999
Columbus,2017-07,1025271.09
Columbus,2017-08,763448.17
Columbus,2017-09,539181.3
Columbus,2017-10,658504.19
Columbus,2017-11,746491.78
Columbus,2017-12,911063.93
Columbus,2018-01,892914.1900000001
Columbus,2018-02,971673.28
Columbus,2018-03,979312.53
DallasFtWorth,2015-01,4360934.78
DallasFtWorth,2015-02,4784750.41
DallasFtWorth,2015-03,6132194.98
DallasFtWorth,2015-04,4876449.33
DallasFtWorth,2015-05,6413475.28
DallasFtWorth,2015-06,5292012.93
DallasFtWorth,2015-07,4892327.39
DallasFtWorth,2015-08,5610989.87
DallasFtWorth,2015-09,4752506.61
DallasFtWorth,2015-10,4254328.0
DallasFtWorth,2015-11,4912484.97
DallasFtWorth,2015-12,4028854.08
DallasFtWorth,2016-01,5373593.93
DallasFtWorth,2016-02,5145356.65
DallasFtWorth,2016-03,5140859.09
DallasFtWorth,2016-04,5674783.47
DallasFtWorth,2016-05,7136646.79
DallasFtWorth,2016-06,5246815.91
DallasFtWorth,2016-07,6006044.890000001
DallasFtWorth,2016-08,5083855.74
DallasFtWorth,2016-09,5328693.649999999
DallasFtWorth,2016-10,5118949.67
DallasFtWorth,2016-11,3642146.18
DallasFtWorth,2016-12,4797503.91
DallasFtWorth,2017-01,6774932.82
DallasFtWorth,2017-02,5827729.1899999995
DallasFtWorth,2017-03,4819994.3100000005
DallasFtWorth,2017-04,7263043.23
DallasFtWorth,2017-05,5570356.0
DallasFtWorth,2017-06,5579380.42
DallasFtWorth,2017-07,6604026.33
DallasFtWorth,2017-08,4854189.54
DallasFtWorth,2017-09,4059235.33
DallasFtWorth,2017-10,4909066.91
DallasFtWorth,2017-11,4128875.88
DallasFtWorth,2017-12,5850152.75
DallasFtWorth,2018-01,5440742.71
DallasFtWorth,2018-02,6582724.29
DallasFtWorth,2018-03,6148278.33
Denver,2015-01,2956418.8200000003
Denver,2015-02,3379946.15
Denver,2015-03,3517609.2600000002
Denver,2015-04,3129462.62
Denver,2015-05,3668814.66
Denver,2015-06,3080883.02
Denver,2015-07,3151813.65
Denver,2015-08,3526978.69
Denver,2015-09,3031726.64
Denver,2015-10,3104847.18
Denver,2015-11,3790982.71
Denver,2015-12,2850860.02
Denver,2016-01,5940193.47
Denver,2016-02,4475549.399999999
Denver,2016-03,3508344.48
Denver,2016-04,3836297.44
Denver,2016-05,5135326.06
Denver,2016-06,3414654.93
Denver,2016-07,3919481.29
Denver,2016-08,2984577.99
Denver,2016-09,3234281.52
Denver,2016-10,3375855.8
Denver,2016-11,2274071.09
Denver,2016-12,3209128.58
Denver,2017-01,4566796.34
Denver,2017-02,3802688.72
Denver,2017-03,2855959.2399999998
Denver,2017-04,3977168.13
Denver,2017-05,3644575.22
Denver,2017-06,3588339.6
Denver,2017-07,4252698.26
Denver,2017-08,3128535.2399999998
Denver,2017-09,2300675.4
Denver,2017-10,3219535.68
Denver,2017-11,3094388.29
Denver,2017-12,4127717.0
Denver,2018-01,3746748.87
Denver,2018-02,4312530.76
Denver,2018-03,3786073.77
Detroit,2015-01,1301706.68
Detroit,2015-02,1343855.37
Detroit,2015-03,1728060.5
Detroit,2015-04,1429438.57
Detroit,2015-05,1979903.08
Detroit,2015-06,1616108.98
Detroit,2015-07,1429738.75
Detroit,2015-08,1845642.02
Detroit,2015-09,1403935.26
Detroit,2015-10,1288749.68
Detroit,2015-11,1466573.94
Detroit,2015-12,1145866.51
Detroit,2016-01,2021555.94
Detroit,2016-02,1562646.67
Detroit,2016-03,1546783.17
Detroit,2016-04,1487661.49
Detroit,2016-05,2045260.2
Detroit,2016-06,1775687.17
Detroit,2016-07,1773024.06
Detroit,2016-08,1456107.19
Detroit,2016-09,1341182.8900000001
Detroit,2016-10,1297651.53
Detroit,2016-11,1056247.45
Detroit,2016-12,1543650.74
Detroit,2017-01,2397348.29
Detroit,2017-02,2233718.85
Detroit,2017-03,1305819.72
Detroit,2017-04,1624877.12
Detroit,2017-05,1797852.41
Detroit,2017-06,1829919.8099999998
Detroit,2017-07,1991733.9
Detroit,2017-08,1448779.58
Detroit,2017-09,1035474.17
Detroit,2017-10,1279773.8699999999
Detroit,2017-11,1510397.15
Detroit,2017-12,2056729.32
Detroit,2018-01,1905341.24
Detroit,2018-02,2207123.54
Detroit,2018-03,1910492.57
GrandRapids,2015-01,741810.3
GrandRapids,2015-02,711740.5900000001
GrandRapids,2015-03,1001270.05
GrandRapids,2015-04,810003.04
GrandRapids,2015-05,1012287.62
GrandRapids,2015-06,836611.65
GrandRapids,2015-07,730285.33
GrandRapids,2015-08,1010761.78
GrandRapids,2015-09,780462.8099999999
GrandRapids,2015-10,686308.85
GrandRapids,2015-11,802866.2
GrandRapids,2015-12,616534.93
GrandRapids,2016-01,1048564.65
GrandRapids,2016-02,800204.24
GrandRapids,2016-03,845690.5800000001
GrandRapids,2016-04,834198.59
GrandRapids,2016-05,1114403.56
GrandRapids,2016-06,890610.15
GrandRapids,2016-07,739525.73
GrandRapids,2016-08,576891.78
GrandRapids,2016-09,562331.08
GrandRapids,2016-10,570071.9400000001
GrandRapids,2016-11,454062.46
GrandRapids,2016-12,710317.0299999999
GrandRapids,2017-01,1146479.94
GrandRapids,2017-02,963147.7999999999
GrandRapids,2017-03,571075.9199999999
GrandRapids,2017-04,774492.21
GrandRapids,2017-05,725954.26
GrandRapids,2017-06,713528.86
GrandRapids,2017-07,835479.76
GrandRapids,2017-08,557763.13
GrandRapids,2017-09,486369.22
GrandRapids,2017-10,560214.88
GrandRapids,2017-11,481329.4
GrandRapids,2017-12,938622.2799999999
GrandRapids,2018-01,853008.3099999999
GrandRapids,2018-02,960631.5
GrandRapids,2018-03,755823.52
GreatLakes,2015-01,12622567.95
GreatLakes,2015-02,13307409.040000001
GreatLakes,2015-03,16689795.05
GreatLakes,2015-04,13336061.78
GreatLakes,2015-05,18438433.72
GreatLakes,2015-06,14477172.17
GreatLakes,2015-07,13767110.68
GreatLakes,2015-08,16745993.1
GreatLakes,2015-09,13236934.18
GreatLakes,2015-10,11764532.63
GreatLakes,2015-11,14060531.77
GreatLakes,2015-12,10941433.08
GreatLakes,2016-01,18159292.79
GreatLakes,2016-02,14904890.35
GreatLakes,2016-03,14348742.11
GreatLakes,2016-04,14479132.799999999
GreatLakes,2016-05,20885929.77
GreatLakes,2016-06,15842803.25
GreatLakes,2016-07,17452420.43
GreatLakes,2016-08,12713314.66
GreatLakes,2016-09,12492331.82
GreatLakes,2016-10,13215176.88
GreatLakes,2016-11,10104549.02
GreatLakes,2016-12,13141445.99
GreatLakes,2017-01,21273803.71
GreatLakes,2017-02,18528294.37
GreatLakes,2017-03,12965739.02
GreatLakes,2017-04,17430477.94
GreatLakes,2017-05,16791257.15
GreatLakes,2017-06,16667147.74
GreatLakes,2017-07,18788662.31
GreatLakes,2017-08,13218662.6
GreatLakes,2017-09,10639077.75
GreatLakes,2017-10,12498864.0
GreatLakes,2017-11,12350867.85
GreatLakes,2017-12,18201011.86
GreatLakes,2018-01,17146513.330000002
GreatLakes,2018-02,19165280.79
GreatLakes,2018-03,16848883.85
HarrisburgScranton,2015-01,781660.22
HarrisburgScranton,2015-02,916912.77
HarrisburgScranton,2015-03,1046821.04
HarrisburgScranton,2015-04,903356.73
HarrisburgScranton,2015-05,1357944.26
HarrisburgScranton,2015-06,1055628.76
HarrisburgScranton,2015-07,972019.5
HarrisburgScranton,2015-08,1192992.94
HarrisburgScranton,2015-09,869347.28
HarrisburgScranton,2015-10,869240.6799999999
HarrisburgScranton,2015-11,942093.33
HarrisburgScranton,2015-12,729887.4
HarrisburgScranton,2016-01,1282734.01
HarrisburgScranton,2016-02,1090699.42
HarrisburgScranton,2016-03,1047903.78
HarrisburgScranton,2016-04,1001094.02
HarrisburgScranton,2016-05,1540713.3
HarrisburgScranton,2016-06,1093333.99
HarrisburgScranton,2016-07,1350716.38
HarrisburgScranton,2016-08,1087294.46
HarrisburgScranton,2016-09,1060142.47
HarrisburgScranton,2016-10,1029084.11
HarrisburgScranton,2016-11,740832.71
HarrisburgScranton,2016-12,800275.3
HarrisburgScranton,2017-01,1335879.83
HarrisburgScranton,2017-02,1149521.46
HarrisburgScranton,2017-03,1054846.15
HarrisburgScranton,2017-04,1296963.71
HarrisburgScranton,2017-05,1100374.47
HarrisburgScranton,2017-06,984660.0
HarrisburgScranton,2017-07,1203695.54
HarrisburgScranton,2017-08,958240.18
HarrisburgScranton,2017-09,878633.66
HarrisburgScranton,2017-10,1102147.28
HarrisburgScranton,2017-11,868341.68
HarrisburgScranton,2017-12,1211014.02
HarrisburgScranton,2018-01,1262005.09
HarrisburgScranton,2018-02,1360500.63
HarrisburgScranton,2018-03,1279306.1199999999
HartfordSpringfield,2015-01,1047975.44
HartfordSpringfield,2015-02,1124817.64
HartfordSpringfield,2015-03,1299503.52
HartfordSpringfield,2015-04,1059143.05
HartfordSpringfield,2015-05,1714786.6300000001
HartfordSpringfield,2015-06,1351360.75
HartfordSpringfield,2015-07,1265841.29
HartfordSpringfield,2015-08,1637412.86
HartfordSpringfield,2015-09,1125293.69
HartfordSpringfield,2015-10,1181074.23
HartfordSpringfield,2015-11,1349629.9100000001
HartfordSpringfield,2015-12,1005403.98
HartfordSpringfield,2016-01,1690220.12
HartfordSpringfield,2016-02,1464600.81
HartfordSpringfield,2016-03,1322611.08
HartfordSpringfield,2016-04,1197779.96
HartfordSpringfield,2016-05,2020565.92
HartfordSpringfield,2016-06,1321550.5799999998
HartfordSpringfield,2016-07,1415610.53
HartfordSpringfield,2016-08,1194750.35
HartfordSpringfield,2016-09,1144023.83
HartfordSpringfield,2016-10,1075572.29
HartfordSpringfield,2016-11,823198.61
HartfordSpringfield,2016-12,1027465.72
HartfordSpringfield,2017-01,1563958.05
HartfordSpringfield,2017-02,1468536.16
HartfordSpringfield,2017-03,1211996.76
HartfordSpringfield,2017-04,1461458.08
HartfordSpringfield,2017-05,1291003.79
HartfordSpringfield,2017-06,1182165.53
HartfordSpringfield,2017-07,1390975.6
HartfordSpringfield,2017-08,1026983.33
HartfordSpringfield,2017-09,990135.5900000001
HartfordSpringfield,2017-10,1280267.66
HartfordSpringfield,2017-11,1009343.35
HartfordSpringfield,2017-12,1445780.12
HartfordSpringfield,2018-01,1540894.23
HartfordSpringfield,2018-02,1447914.52
HartfordSpringfield,2018-03,1498931.9
Houston,2015-01,4164705.24
Houston,2015-02,4545007.99
Houston,2015-03,5407996.59
Houston,2015-04,4410965.52
Houston,2015-05,5928786.96
Houston,2015-06,5080823.19
Houston,2015-07,4401597.22
Houston,2015-08,4770678.9
Houston,2015-09,4169882.5100000002
Houston,2015-10,3880562.44
Houston,2015-11,4731609.39
Houston,2015-12,3894855.42
Houston,2016-01,5279083.430000001
Houston,2016-02,4582567.02
Houston,2016-03,4787782.95
Houston,2016-04,5291683.67
Houston,2016-05,6682770.53
Houston,2016-06,4806244.62
Houston,2016-07,5329828.2700000005
Houston,2016-08,4258903.640000001
Houston,2016-09,4898278.13
Houston,2016-10,4769578.96
Houston,2016-11,3440805.92
Houston,2016-12,4577259.29
Houston,2017-01,7013688.13
Houston,2017-02,6287073.81
Houston,2017-03,4309528.77
Houston,2017-04,8024456.99
Houston,2017-05,5963187.62
Houston,2017-06,5908745.97
Houston,2017-07,6411205.53
Houston,2017-08,4845434.75
Houston,2017-09,3985984.36
Houston,2017-10,5319208.0600000005
Houston,2017-11,4844660.82
Houston,2017-12,6179918.08
Houston,2018-01,6064766.79
Houston,2018-02,7590367.3
Houston,2018-03,6327383.02
Indianapolis,2015-01,603036.75
Indianapolis,2015-02,660230.06
Indianapolis,2015-03,799606.13
Indianapolis,2015-04,643037.1
Indianapolis,2015-05,863574.03
Indianapolis,2015-06,740012.4299999999
Indianapolis,2015-07,677115.67
Indianapolis,2015-08,751723.61
Indianapolis,2015-09,692662.39
Indianapolis,2015-10,588285.76
Indianapolis,2015-11,651742.22
Indianapolis,2015-12,518035.88
Indianapolis,2016-01,886038.35
Indianapolis,2016-02,812029.3
Indianapolis,2016-03,762437.64
Indianapolis,2016-04,772303.71
Indianapolis,2016-05,1094985.67
Indianapolis,2016-06,788928.05
Indianapolis,2016-07,952571.25
Indianapolis,2016-08,680720.16
Indianapolis,2016-09,638003.6900000001
Indianapolis,2016-10,729079.29
Indianapolis,2016-11,495877.3
Indianapolis,2016-12,551479.09
Indianapolis,2017-01,1070489.4000000001
Indianapolis,2017-02,900229.47
Indianapolis,2017-03,674544.73
Indianapolis,2017-04,984767.15
Indianapolis,2017-05,955543.67
Indianapolis,2017-06,904108.36
Indianapolis,2017-07,931035.9
Indianapolis,2017-08,713704.83
Indianapolis,2017-09,580977.18
Indianapolis,2017-10,675576.15
Indianapolis,2017-11,720131.08
Indianapolis,2017-12,890093.18
Indianapolis,2018-01,970827.34
Indianapolis,2018-02,1011565.1900000001
Indianapolis,2018-03,926282.27
Jacksonville,2015-01,467874.34
Jacksonville,2015-02,563432.63
Jacksonville,2015-03,695081.49
Jacksonville,2015-04,588306.57
Jacksonville,2015-05,835902.55
Jacksonville,2015-06,657862.53
Jacksonville,2015-07,621643.77
Jacksonville,2015-08,649677.5599999999
Jacksonville,2015-09,539611.61
Jacksonville,2015-10,494389.83999999997
Jacksonville,2015-11,593344.77
Jacksonville,2015-12,469349.02
Jacksonville,2016-01,808731.78
Jacksonville,2016-02,926193.06
Jacksonville,2016-03,708297.36
Jacksonville,2016-04,908911.55
Jacksonville,2016-05,1273169.45
Jacksonville,2016-06,773395.25
Jacksonville,2016-07,933234.86
Jacksonville,2016-08,738761.64
Jacksonville,2016-09,738316.42
Jacksonville,2016-10,701944.8200000001
Jacksonville,2016-11,514311.91
Jacksonville,2016-12,686568.01
Jacksonville,2017-01,1070694.98
Jacksonville,2017-02,941416.5499999999
Jacksonville,2017-03,583338.01
Jacksonville,2017-04,868639.83
Jacksonville,2017-05,774080.29
Jacksonville,2017-06,717900.62
Jacksonville,2017-07,855973.89
Jacksonville,2017-08,618588.28
Jacksonville,2017-09,553210.54
Jacksonville,2017-10,776599.87
Jacksonville,2017-11,574915.39
Jacksonville,2017-12,857929.36
Jacksonville,2018-01,815163.78
Jacksonville,2018-02,998361.1
Jacksonville,2018-03,894879.46
LasVegas,2015-01,1099304.28
LasVegas,2015-02,1215402.42
LasVegas,2015-03,1548140.61
LasVegas,2015-04,1442626.49
LasVegas,2015-05,1647486.74
LasVegas,2015-06,1400820.27
LasVegas,2015-07,1179798.9
LasVegas,2015-08,1527953.17
LasVegas,2015-09,1234968.93
LasVegas,2015-10,1079965.69
LasVegas,2015-11,1161232.48
LasVegas,2015-12,1004728.68
LasVegas,2016-01,1416500.5
LasVegas,2016-02,1499732.16
LasVegas,2016-03,1343607.31
LasVegas,2016-04,1457744.83
LasVegas,2016-05,1914914.22
LasVegas,2016-06,1530844.93
LasVegas,2016-07,1631304.24
LasVegas,2016-08,1233053.15
LasVegas,2016-09,1262352.46
LasVegas,2016-10,1336405.96
LasVegas,2016-11,1008835.02
LasVegas,2016-12,1271718.78
LasVegas,2017-01,1938367.25
LasVegas,2017-02,1814580.7500000002
LasVegas,2017-03,1382002.3800000001
LasVegas,2017-04,1910475.44
LasVegas,2017-05,1624775.47
LasVegas,2017-06,1517640.44
LasVegas,2017-07,1712089.33
LasVegas,2017-08,1107498.0999999999
LasVegas,2017-09,836853.42
LasVegas,2017-10,1067360.64
LasVegas,2017-11,1081798.3800000001
LasVegas,2017-12,1440391.08
LasVegas,2018-01,1417390.92
LasVegas,2018-02,1664652.01
LasVegas,2018-03,1411588.5699999998
LosAngeles,2015-01,10722981.700000001
LosAngeles,2015-02,12737718.709999999
LosAngeles,2015-03,13827450.280000001
LosAngeles,2015-04,10836845.74
LosAngeles,2015-05,16400578.36
LosAngeles,2015-06,13092335.44
LosAngeles,2015-07,11778010.77
LosAngeles,2015-08,14905807.12
LosAngeles,2015-09,10767641.69
LosAngeles,2015-10,10004633.41
LosAngeles,2015-11,12730670.91
LosAngeles,2015-12,10416018.85
LosAngeles,2016-01,16831349.21
LosAngeles,2016-02,15602775.43
LosAngeles,2016-03,13402223.0
LosAngeles,2016-04,12854456.53
LosAngeles,2016-05,17567314.84
LosAngeles,2016-06,13888883.84
LosAngeles,2016-07,16277709.49
LosAngeles,2016-08,13103421.16
LosAngeles,2016-09,12320963.61
LosAngeles,2016-10,12103162.86
LosAngeles,2016-11,8292907.08
LosAngeles,2016-12,10897135.77
LosAngeles,2017-01,18958473.57
LosAngeles,2017-02,15511024.680000002
LosAngeles,2017-03,11274963.4
LosAngeles,2017-04,15874760.92
LosAngeles,2017-05,14411998.84
LosAngeles,2017-06,14769367.370000001
LosAngeles,2017-07,14801900.13
LosAngeles,2017-08,10280737.84
LosAngeles,2017-09,8045978.41
LosAngeles,2017-10,10324922.030000001
LosAngeles,2017-11,10119699.13
LosAngeles,2017-12,14107347.92
LosAngeles,2018-01,11067366.75
LosAngeles,2018-02,14547221.69
LosAngeles,2018-03,12437789.15
Louisville,2015-01,353647.39
Louisville,2015-02,405863.41000000003
Louisville,2015-03,394096.57
Louisville,2015-04,331827.83
Louisville,2015-05,438362.52
Louisville,2015-06,337214.85000000003
Louisville,2015-07,341574.5
Louisville,2015-08,402505.20999999996
Louisville,2015-09,324005.02999999997
Louisville,2015-10,282263.77
Louisville,2015-11,375432.35
Louisville,2015-12,302209.74
Louisville,2016-01,528914.41
Louisville,2016-02,494631.19
Louisville,2016-03,422182.1
Louisville,2016-04,372411.75
Louisville,2016-05,607562.73
Louisville,2016-06,396078.39
Louisville,2016-07,499610.47000000003
Louisville,2016-08,352345.27
Louisville,2016-09,348678.51
Louisville,2016-10,394265.14
Louisville,2016-11,269528.6
Louisville,2016-12,390120.22000000003
Louisville,2017-01,571539.25
Louisville,2017-02,483122.62
Louisville,2017-03,388893.32
Louisville,2017-04,492751.32
Louisville,2017-05,452091.79
Louisville,2017-06,472541.73
Louisville,2017-07,531069.69
Louisville,2017-08,370742.03
Louisville,2017-09,302381.58
Louisville,2017-10,358509.85
Louisville,2017-11,330535.56
Louisville,2017-12,505930.7
Louisville,2018-01,472261.37
Louisville,2018-02,512412.13
Louisville,2018-03,486887.51
MiamiFtLauderdale,2015-01,1693236.32
MiamiFtLauderdale,2015-02,1831916.3
MiamiFtLauderdale,2015-03,2399742.97
MiamiFtLauderdale,2015-04,2126441.88
MiamiFtLauderdale,2015-05,2993525.43
MiamiFtLauderdale,2015-06,2242308.96
MiamiFtLauderdale,2015-07,2132536.87
MiamiFtLauderdale,2015-08,2128504.73
MiamiFtLauderdale,2015-09,1851905.08
MiamiFtLauderdale,2015-10,1755508.96
MiamiFtLauderdale,2015-11,2240315.74
MiamiFtLauderdale,2015-12,1770568.64
MiamiFtLauderdale,2016-01,2766908.0300000003
MiamiFtLauderdale,2016-02,2942832.8400000003
MiamiFtLauderdale,2016-03,2237770.7800000003
MiamiFtLauderdale,2016-04,2858127.11
MiamiFtLauderdale,2016-05,3994982.69
MiamiFtLauderdale,2016-06,2661088.72
MiamiFtLauderdale,2016-07,2996138.15
MiamiFtLauderdale,2016-08,2354287.78
MiamiFtLauderdale,2016-09,2457531.3000000003
MiamiFtLauderdale,2016-10,2332878.09
MiamiFtLauderdale,2016-11,1782174.01
MiamiFtLauderdale,2016-12,2500340.9899999998
MiamiFtLauderdale,2017-01,3330937.9
MiamiFtLauderdale,2017-02,3099248.21
MiamiFtLauderdale,2017-03,1971912.33
MiamiFtLauderdale,2017-04,2929389.96
MiamiFtLauderdale,2017-05,2778114.42
MiamiFtLauderdale,2017-06,2453480.96
MiamiFtLauderdale,2017-07,2774927.6
MiamiFtLauderdale,2017-08,2004911.6700000002
MiamiFtLauderdale,2017-09,1655924.0
MiamiFtLauderdale,2017-10,2579119.24
MiamiFtLauderdale,2017-11,2107781.86
MiamiFtLauderdale,2017-12,3194482.88
MiamiFtLauderdale,2018-01,2882758.52
MiamiFtLauderdale,2018-02,3522281.9899999998
MiamiFtLauderdale,2018-03,3336380.12
Midsouth,2015-01,9956951.51
Midsouth,2015-02,11823925.53
Midsouth,2015-03,12917919.35
Midsouth,2015-04,11071592.16
Midsouth,2015-05,15880166.47
Midsouth,2015-06,12201393.81
Midsouth,2015-07,11664799.34
Midsouth,2015-08,13951305.77
Midsouth,2015-09,10910229.58
Midsouth,2015-10,9762092.56
Midsouth,2015-11,11360650.479999999
Midsouth,2015-12,8720889.879999999
Midsouth,2016-01,15213850.540000001
Midsouth,2016-02,13341133.200000001
Midsouth,2016-03,12488635.75
Midsouth,2016-04,12344577.78
Midsouth,2016-05,17612081.2
Midsouth,2016-06,13199078.68
Midsouth,2016-07,15805262.02
Midsouth,2016-08,11933147.14
Midsouth,2016-09,12045099.0
Midsouth,2016-10,12383574.93
Midsouth,2016-11,8451479.629999999
Midsouth,2016-12,9442577.72
Midsouth,2017-01,16356781.4
Midsouth,2017-02,14865721.05
Midsouth,2017-03,13067399.62
Midsouth,2017-04,16282239.18
Midsouth,2017-05,14523172.08
Midsouth,2017-06,13074397.9
Midsouth,2017-07,15613954.24
Midsouth,2017-08,11849587.459999999
Midsouth,2017-09,10594455.78
Midsouth,2017-10,12840208.45
Midsouth,2017-11,10670669.09
Midsouth,2017-12,15814964.879999999
Midsouth,2018-01,15461693.65
Midsouth,2018-02,16237591.22
Midsouth,2018-03,16614107.17
Nashville,2015-01,610740.81
Nashville,2015-02,724430.65
Nashville,2015-03,794967.26
Nashville,2015-04,646617.99
Nashville,2015-05,931070.38
Nashville,2015-06,733377.92
Nashville,2015-07,722120.05
Nashville,2015-08,866852.96
Nashville,2015-09,712298.0
Nashville,2015-10,676279.1
Nashville,2015-11,691242.43
Nashville,2015-12,551918.6
Nashville,2016-01,948839.49
Nashville,2016-02,865643.91
Nashville,2016-03,738717.62
Nashville,2016-04,861691.72
Nashville,2016-05,1174910.18
Nashville,2016-06,890562.62
Nashville,2016-07,1080816.42
Nashville,2016-08,790809.78
Nashville,2016-09,950814.3400000001
Nashville,2016-10,870370.0
Nashville,2016-11,596950.51
Nashville,2016-12,729048.3099999999
Nashville,2017-01,1265425.54
Nashville,2017-02,1133567.03
Nashville,2017-03,1190346.87
Nashville,2017-04,1313795.3599999999
Nashville,2017-05,1176384.68
Nashville,2017-06,1083600.21
Nashville,2017-07,1238154.37
Nashville,2017-08,987795.33
Nashville,2017-09,726865.68
Nashville,2017-10,880717.62
Nashville,2017-11,803072.52
Nashville,2017-12,1138919.6199999999
Nashville,2018-01,1120507.8199999998
Nashville,2018-02,1182395.98
Nashville,2018-03,1209449.55
NewOrleansMobile,2015-01,1011212.04
NewOrleansMobile,2015-02,1110280.09
NewOrleansMobile,2015-03,1239311.6500000001
NewOrleansMobile,2015-04,1015307.4099999999
NewOrleansMobile,2015-05,1341924.46
NewOrleansMobile,2015-06,1115335.68
NewOrleansMobile,2015-07,1063071.49
NewOrleansMobile,2015-08,1262860.75
NewOrleansMobile,2015-09,900847.1699999999
NewOrleansMobile,2015-10,850650.57
NewOrleansMobile,2015-11,976514.25
NewOrleansMobile,2015-12,776992.38
NewOrleansMobile,2016-01,1352833.31
NewOrleansMobile,2016-02,1406867.12
NewOrleansMobile,2016-03,1123136.6300000001
NewOrleansMobile,2016-04,1264085.55
NewOrleansMobile,2016-05,1936131.45
NewOrleansMobile,2016-06,1148049.17
NewOrleansMobile,2016-07,1475727.2
NewOrleansMobile,2016-08,1193977.42
NewOrleansMobile,2016-09,1098665.92
NewOrleansMobile,2016-10,1049344.66
NewOrleansMobile,2016-11,740181.45
NewOrleansMobile,2016-12,851366.2
NewOrleansMobile,2017-01,1470948.71
NewOrleansMobile,2017-02,1457926.04
NewOrleansMobile,2017-03,975346.8
NewOrleansMobile,2017-04,1297237.8
NewOrleansMobile,2017-05,1220422.2
NewOrleansMobile,2017-06,1153966.06
NewOrleansMobile,2017-07,1329938.1099999999
NewOrleansMobile,2017-08,964090.12
NewOrleansMobile,2017-09,896671.12
NewOrleansMobile,2017-10,1349083.0799999998
NewOrleansMobile,2017-11,925973.97
NewOrleansMobile,2017-12,1284897.88
NewOrleansMobile,2018-01,1239761.04
NewOrleansMobile,2018-02,1524019.34
NewOrleansMobile,2018-03,1300180.29
NewYork,2015-01,4623953.17
NewYork,2015-02,5267939.13
NewYork,2015-03,6031017.72
NewYork,2015-04,5037854.94
NewYork,2015-05,8161470.84
NewYork,2015-06,6117156.0200000005
NewYork,2015-07,5515607.05
NewYork,2015-08,7366832.010000001
NewYork,2015-09,5282471.86
NewYork,2015-10,5403265.46
NewYork,2015-11,7118530.48
NewYork,2015-12,4681537.23
NewYork,2016-01,7832537.7700000005
NewYork,2016-02,7036325.819999999
NewYork,2016-03,6337612.92
NewYork,2016-04,5145734.94
NewYork,2016-05,9605379.540000001
NewYork,2016-06,6064601.640000001
NewYork,2016-07,6131290.61
NewYork,2016-08,5182631.87
NewYork,2016-09,5199484.33
NewYork,2016-10,4598419.81
NewYork,2016-11,3792194.71
NewYork,2016-12,4620349.18
NewYork,2017-01,7069711.28
NewYork,2017-02,7423414.47
NewYork,2017-03,5390057.49
NewYork,2017-04,6763712.4799999995
NewYork,2017-05,6190114.26
NewYork,2017-06,5902748.890000001
NewYork,2017-07,7050664.08
NewYork,2017-08,5029360.93
NewYork,2017-09,4876032.97
NewYork,2017-10,6296145.19
NewYork,2017-11,5264982.75
NewYork,2017-12,7593728.5200000005
NewYork,2018-01,7333012.66
NewYork,2018-02,8820238.33
NewYork,2018-03,7576004.18
Northeast,2015-01,13294621.76
Northeast,2015-02,15026037.9
Northeast,2015-03,17435808.13
Northeast,2015-04,14339385.15
Northeast,2015-05,23513964.71
Northeast,2015-06,18121592.060000002
Northeast,2015-07,17415363.52
Northeast,2015-08,21397537.65
Northeast,2015-09,15570395.290000001
Northeast,2015-10,15282879.45
Northeast,2015-11,18426450.55
Northeast,2015-12,13554949.51
Northeast,2016-01,22801837.63
Northeast,2016-02,19685046.6
Northeast,2016-03,18451001.14
Northeast,2016-04,16803175.38
Northeast,2016-05,27528814.19
Northeast,2016-06,18946771.34
Northeast,2016-07,20955748.04
Northeast,2016-08,16998603.85
Northeast,2016-09,15919860.49
Northeast,2016-10,15387638.34
Northeast,2016-11,11499190.89
Northeast,2016-12,13953397.94
Northeast,2017-01,22268759.349999998
Northeast,2017-02,20688466.67
Northeast,2017-03,16873265.23
Northeast,2017-04,21632372.38
Northeast,2017-05,18853981.400000002
Northeast,2017-06,17157694.82
Northeast,2017-07,21921176.48
Northeast,2017-08,16131163.6
Northeast,2017-09,14604165.26
Northeast,2017-10,17875225.48
Northeast,2017-11,15233790.07
Northeast,2017-12,21407240.47
Northeast,2018-01,21194177.73
Northeast,2018-02,23445227.47
Northeast,2018-03,21684131.64
NorthernNewEngland,2015-01,1264517.72
NorthernNewEngland,2015-02,1357196.85
NorthernNewEngland,2015-03,1674103.45
NorthernNewEngland,2015-04,1304427.22
NorthernNewEngland,2015-05,2333952.1
NorthernNewEngland,2015-06,1876897.72
NorthernNewEngland,2015-07,2077921.38
NorthernNewEngland,2015-08,2207334.8
NorthernNewEngland,2015-09,1672221.61
NorthernNewEngland,2015-10,1326581.81
NorthernNewEngland,2015-11,1664832.79
NorthernNewEngland,2015-12,1334638.93
NorthernNewEngland,2016-01,2267936.33
NorthernNewEngland,2016-02,1868961.17
NorthernNewEngland,2016-03,1765790.27
NorthernNewEngland,2016-04,1774003.43
NorthernNewEngland,2016-05,2593816.43
NorthernNewEngland,2016-06,1960164.75
NorthernNewEngland,2016-07,2472687.45
NorthernNewEngland,2016-08,1942813.63
NorthernNewEngland,2016-09,1407435.55
NorthernNewEngland,2016-10,1484803.08
NorthernNewEngland,2016-11,1131151.25
NorthernNewEngland,2016-12,1472244.66
NorthernNewEngland,2017-01,2307366.2600000002
NorthernNewEngland,2017-02,2060734.83
NorthernNewEngland,2017-03,1640405.72
NorthernNewEngland,2017-04,2236559.43
NorthernNewEngland,2017-05,1853135.13
NorthernNewEngland,2017-06,1669848.43
NorthernNewEngland,2017-07,2377227.09
NorthernNewEngland,2017-08,1683776.42
NorthernNewEngland,2017-09,1241302.01
NorthernNewEngland,2017-10,1586279.94
NorthernNewEngland,2017-11,1640475.02
NorthernNewEngland,2017-12,2363180.9
NorthernNewEngland,2018-01,2062536.06
NorthernNewEngland,2018-02,2361201.42
NorthernNewEngland,2018-03,2212431.0700000003
Orlando,2015-01,894652.35
Orlando,2015-02,1135750.99
Orlando,2015-03,1356537.4000000001
Orlando,2015-04,1175080.45
Orlando,2015-05,1668106.29
Orlando,2015-06,1330690.19
Orlando,2015-07,1288298.37
Orlando,2015-08,1358091.98
Orlando,2015-09,1141402.8699999999
Orlando,2015-10,1067808.79
Orlando,2015-11,1276933.36
Orlando,2015-12,1026223.05
Orlando,2016-01,1725106.8900000001
Orlando,2016-02,1818379.74
Orlando,2016-03,1394108.76
Orlando,2016-04,1770674.8800000001
Orlando,2016-05,2437635.18
Orlando,2016-06,1555918.62
Orlando,2016-07,1940574.33
Orlando,2016-08,1444470.93
Orlando,2016-09,1437570.76
Orlando,2016-10,1358296.73
Orlando,2016-11,970977.86
Orlando,2016-12,1361072.1199999999
Orlando,2017-01,1983373.3199999998
Orlando,2017-02,1731856.83
Orlando,2017-03,1150490.58
Orlando,2017-04,1768677.8800000001
Orlando,2017-05,1621472.29
Orlando,2017-06,1544671.8399999999
Orlando,2017-07,1800067.07
Orlando,2017-08,1310569.98
Orlando,2017-09,1109670.8599999999
Orlando,2017-10,1615303.43
Orlando,2017-11,1265856.23
Orlando,2017-12,1909391.72
Orlando,2018-01,1745171.0599999998
Orlando,2018-02,2126266.37
Orlando,2018-03,2043501.54
Philadelphia,2015-01,1425892.3199999998
Philadelphia,2015-02,1749677.73
Philadelphia,2015-03,1883814.31
Philadelphia,2015-04,1495880.23
Philadelphia,2015-05,2379451.02
Philadelphia,2015-06,1754220.0
Philadelphia,2015-07,1589583.15
Philadelphia,2015-08,2085034.36
Philadelphia,2015-09,1602110.99
Philadelphia,2015-10,1670329.4
Philadelphia,2015-11,1911273.21
Philadelphia,2015-12,1344953.27
Philadelphia,2016-01,2298982.9
Philadelphia,2016-02,1988408.4200000002
Philadelphia,2016-03,1959460.75
Philadelphia,2016-04,1639267.9000000001
Philadelphia,2016-05,2650982.73
Philadelphia,2016-06,1816616.08
Philadelphia,2016-07,2054685.87
Philadelphia,2016-08,1686750.38
Philadelphia,2016-09,1806980.61
Philadelphia,2016-10,1636068.42
Philadelphia,2016-11,1204849.52
Philadelphia,2016-12,1365042.84
Philadelphia,2017-01,2156233.42
Philadelphia,2017-02,2107673.75
Philadelphia,2017-03,1619642.14
Philadelphia,2017-04,2029750.35
Philadelphia,2017-05,1764239.95
Philadelphia,2017-06,1660657.95
Philadelphia,2017-07,2050041.29
Philadelphia,2017-08,1600438.19
Philadelphia,2017-09,1598968.8
Philadelphia,2017-10,1993190.1199999999
Philadelphia,2017-11,1554197.61
Philadelphia,2017-12,2136211.28
Philadelphia,2018-01,2002821.03
Philadelphia,2018-02,2518451.13
Philadelphia,2018-03,2045964.76
PhoenixTucson,2015-01,4535360.44
PhoenixTucson,2015-02,5065681.319999999
PhoenixTucson,2015-03,5786423.75
PhoenixTucson,2015-04,5040995.91
PhoenixTucson,2015-05,5967457.87
PhoenixTucson,2015-06,5162830.9799999995
PhoenixTucson,2015-07,4336398.06
PhoenixTucson,2015-08,4995785.72
PhoenixTucson,2015-09,4077873.23
PhoenixTucson,2015-10,3412905.76
PhoenixTucson,2015-11,4519820.53
PhoenixTucson,2015-12,4274751.91
PhoenixTucson,2016-01,5620562.42
PhoenixTucson,2016-02,5249465.12
PhoenixTucson,2016-03,5354611.51
PhoenixTucson,2016-04,5076800.9
PhoenixTucson,2016-05,6483070.54
PhoenixTucson,2016-06,4955571.33
PhoenixTucson,2016-07,4767677.9399999995
PhoenixTucson,2016-08,5369634.5600000005
PhoenixTucson,2016-09,4087665.3699999996
PhoenixTucson,2016-10,3908162.76
PhoenixTucson,2016-11,3813740.97
PhoenixTucson,2016-12,4596723.81
PhoenixTucson,2017-01,6817761.87
PhoenixTucson,2017-02,6185633.36
PhoenixTucson,2017-03,5364524.17
PhoenixTucson,2017-04,6186183.49
PhoenixTucson,2017-05,5226983.94
PhoenixTucson,2017-06,5210936.03
PhoenixTucson,2017-07,5602756.359999999
PhoenixTucson,2017-08,3452780.73
PhoenixTucson,2017-09,2919876.11
PhoenixTucson,2017-10,3888708.7
PhoenixTucson,2017-11,4859879.78
PhoenixTucson,2017-12,5454509.72
PhoenixTucson,2018-01,5343371.29
PhoenixTucson,2018-02,6329168.02
PhoenixTucson,2018-03,6340266.22
Pittsburgh,2015-01,275528.15
Pittsburgh,2015-02,316310.55
Pittsburgh,2015-03,445522.63
Pittsburgh,2015-04,312736.36
Pittsburgh,2015-05,651723.1900000001
Pittsburgh,2015-06,383520.08999999997
Pittsburgh,2015-07,331291.72000000003
Pittsburgh,2015-08,475085.93
Pittsburgh,2015-09,361898.59
Pittsburgh,2015-10,319434.48
Pittsburgh,2015-11,394067.23
Pittsburgh,2015-12,272880.67
Pittsburgh,2016-01,487316.31
Pittsburgh,2016-02,378640.08
Pittsburgh,2016-03,377437.14999999997
Pittsburgh,2016-04,412700.91
Pittsburgh,2016-05,726925.28
Pittsburgh,2016-06,452892.61
Pittsburgh,2016-07,576365.74
Pittsburgh,2016-08,391707.44
Pittsburgh,2016-09,458341.3
Pittsburgh,2016-10,493105.1
Pittsburgh,2016-11,361749.05
Pittsburgh,2016-12,399016.87
Pittsburgh,2017-01,772899.91
Pittsburgh,2017-02,482374.23
Pittsburgh,2017-03,547730.21
Pittsburgh,2017-04,734746.07
Pittsburgh,2017-05,705157.73
Pittsburgh,2017-06,498323.73
Pittsburgh,2017-07,603198.95
Pittsburgh,2017-08,459565.87
Pittsburgh,2017-09,452143.86
Pittsburgh,2017-10,542617.8
Pittsburgh,2017-11,429657.26
Pittsburgh,2017-12,620213.04
Pittsburgh,2018-01,579561.06
Pittsburgh,2018-02,678401.4
Pittsburgh,2018-03,643557.26
Plains,2015-01,6404105.29
Plains,2015-02,7568540.569999999
Plains,2015-03,8224230.74
Plains,2015-04,7544485.87
Plains,2015-05,10438708.26
Plains,2015-06,7883558.24
Plains,2015-07,7474430.2700000005
Plains,2015-08,8305417.44
Plains,2015-09,6289570.58
Plains,2015-10,5771783.58
Plains,2015-11,6461220.3100000005
Plains,2015-12,5272739.58
Plains,2016-01,8679004.969999999
Plains,2016-02,8127158.2
Plains,2016-03,7680801.82
Plains,2016-04,8053655.9
Plains,2016-05,11612044.0
Plains,2016-06,9312374.52
Plains,2016-07,9932715.549999999
Plains,2016-08,7452534.24
Plains,2016-09,6880310.6899999995
Plains,2016-10,6399581.72
Plains,2016-11,4918926.65
Plains,2016-12,6192525.75
Plains,2017-01,10481281.53
Plains,2017-02,10009348.12
Plains,2017-03,6897957.11
Plains,2017-04,10107635.85
Plains,2017-05,8623615.6
Plains,2017-06,8575044.65
Plains,2017-07,10047695.92
Plains,2017-08,7134998.84
Plains,2017-09,6034194.83
Plains,2017-10,7062736.59
Plains,2017-11,6211966.69
Plains,2017-12,9093555.68
Plains,2018-01,9128242.38
Plains,2018-02,9719472.9
Plains,2018-03,9180357.68
Portland,2015-01,2141317.81
Portland,2015-02,2234583.8200000003
Portland,2015-03,2477870.15
Portland,2015-04,2208277.9
Portland,2015-05,3161393.54
Portland,2015-06,2378966.84
Portland,2015-07,2152560.14
Portland,2015-08,2522282.9299999997
Portland,2015-09,2124203.0100000002
Portland,2015-10,2093483.84
Portland,2015-11,2309206.77
Portland,2015-12,2139308.6
Portland,2016-01,3694989.25
Portland,2016-02,3184356.98
Portland,2016-03,3078561.02
Portland,2016-04,3294446.28
Portland,2016-05,4434488.44
Portland,2016-06,3054260.24
Portland,2016-07,3373794.35
Portland,2016-08,2677992.27
Portland,2016-09,2704217.3200000003
Portland,2016-10,3178050.56
Portland,2016-11,1917350.46
Portland,2016-12,2719004.71
Portland,2017-01,4322157.04
Portland,2017-02,3778714.06
Portland,2017-03,3162702.78
Portland,2017-04,4075698.7800000003
Portland,2017-05,3482277.16
Portland,2017-06,3141610.44
Portland,2017-07,3775003.9400000004
Portland,2017-08,2321310.86
Portland,2017-09,1592104.3699999999
Portland,2017-10,2387588.63
Portland,2017-11,2050377.34
Portland,2017-12,2809908.51
Portland,2018-01,2505239.85
Portland,2018-02,3086170.4
Portland,2018-03,2806380.21
RaleighGreensboro,2015-01,878744.88
RaleighGreensboro,2015-02,1074581.6900000002
RaleighGreensboro,2015-03,1177425.05
RaleighGreensboro,2015-04,1062855.74
RaleighGreensboro,2015-05,1457551.82
RaleighGreensboro,2015-06,1092262.21
RaleighGreensboro,2015-07,1027545.47
RaleighGreensboro,2015-08,1282968.1
RaleighGreensboro,2015-09,1002492.61
RaleighGreensboro,2015-10,850663.79
RaleighGreensboro,2015-11,1079154.07
RaleighGreensboro,2015-12,831088.86
RaleighGreensboro,2016-01,1370254.79
RaleighGreensboro,2016-02,1249627.3
RaleighGreensboro,2016-03,1171444.86
RaleighGreensboro,2016-04,1157933.55
RaleighGreensboro,2016-05,1559287.92
RaleighGreensboro,2016-06,1255978.59
RaleighGreensboro,2016-07,1505692.09
RaleighGreensboro,2016-08,1193850.09
RaleighGreensboro,2016-09,1124558.75
RaleighGreensboro,2016-10,1281145.8699999999
RaleighGreensboro,2016-11,831647.82
RaleighGreensboro,2016-12,866432.66
RaleighGreensboro,2017-01,1541879.28
RaleighGreensboro,2017-02,1401758.26
RaleighGreensboro,2017-03,1173507.36
RaleighGreensboro,2017-04,1531664.25
RaleighGreensboro,2017-05,1355815.1500000001
RaleighGreensboro,2017-06,1211336.34
RaleighGreensboro,2017-07,1520173.13
RaleighGreensboro,2017-08,1205274.1
RaleighGreensboro,2017-09,1114275.8
RaleighGreensboro,2017-10,1289389.72
RaleighGreensboro,2017-11,1041412.61
RaleighGreensboro,2017-12,1642161.8
RaleighGreensboro,2018-01,1508415.9
RaleighGreensboro,2018-02,1593536.9700000002
RaleighGreensboro,2018-03,1686942.41
RichmondNorfolk,2015-01,764750.53
RichmondNorfolk,2015-02,970672.92
RichmondNorfolk,2015-03,1026290.27
RichmondNorfolk,2015-04,931404.3099999999
RichmondNorfolk,2015-05,1427222.25
RichmondNorfolk,2015-06,1068124.46
RichmondNorfolk,2015-07,995769.9199999999
RichmondNorfolk,2015-08,1149826.32
RichmondNorfolk,2015-09,898462.9
RichmondNorfolk,2015-10,809663.02
RichmondNorfolk,2015-11,922561.42
RichmondNorfolk,2015-12,686330.4
RichmondNorfolk,2016-01,1272925.02
RichmondNorfolk,2016-02,1112691.59
RichmondNorfolk,2016-03,1027499.84
RichmondNorfolk,2016-04,971575.36
RichmondNorfolk,2016-05,1463124.06
RichmondNorfolk,2016-06,1125643.1400000001
RichmondNorfolk,2016-07,1427066.78
RichmondNorfolk,2016-08,1039567.19
RichmondNorfolk,2016-09,995244.48
RichmondNorfolk,2016-10,1043390.04
RichmondNorfolk,2016-11,714647.32
RichmondNorfolk,2016-12,744650.9
RichmondNorfolk,2017-01,1358638.76
RichmondNorfolk,2017-02,1197443.43
RichmondNorfolk,2017-03,1049097.75
RichmondNorfolk,2017-04,1407529.59
RichmondNorfolk,2017-05,1223915.41
RichmondNorfolk,2017-06,1053588.39
RichmondNorfolk,2017-07,1345084.7
RichmondNorfolk,2017-08,936292.21
RichmondNorfolk,2017-09,862849.22
RichmondNorfolk,2017-10,1068755.05
RichmondNorfolk,2017-11,843984.09
RichmondNorfolk,2017-12,1299745.35
RichmondNorfolk,2018-01,1271346.78
RichmondNorfolk,2018-02,1343789.16
RichmondNorfolk,2018-03,1379687.1199999999
Roanoke,2015-01,478202.49
Roanoke,2015-02,597972.0
Roanoke,2015-03,616539.89
Roanoke,2015-04,576528.4099999999
Roanoke,2015-05,805092.55
Roanoke,2015-06,594382.8099999999
Roanoke,2015-07,550744.17
Roanoke,2015-08,617604.51
Roanoke,2015-09,537210.38
Roanoke,2015-10,484445.25
Roanoke,2015-11,519767.11
Roanoke,2015-12,400323.0
Roanoke,2016-01,748860.46
Roanoke,2016-02,630891.07
Roanoke,2016-03,607645.6799999999
Roanoke,2016-04,598428.2
Roanoke,2016-05,881601.05
Roanoke,2016-06,644128.92
Roanoke,2016-07,801873.78
Roanoke,2016-08,632086.74
Roanoke,2016-09,648030.65
Roanoke,2016-10,632326.97
Roanoke,2016-11,423048.16000000003
Roanoke,2016-12,437894.85
Roanoke,2017-01,783879.32
Roanoke,2017-02,712310.22
Roanoke,2017-03,629386.96
Roanoke,2017-04,833868.91
Roanoke,2017-05,757272.49
Roanoke,2017-06,639921.48
Roanoke,2017-07,777439.49
Roanoke,2017-08,511672.42
Roanoke,2017-09,488603.09
Roanoke,2017-10,620315.27
Roanoke,2017-11,537662.33
Roanoke,2017-12,793279.83
Roanoke,2018-01,763115.56
Roanoke,2018-02,860315.4199999999
Roanoke,2018-03,867338.9199999999
Sacramento,2015-01,1650458.85
Sacramento,2015-02,2028695.4
Sacramento,2015-03,2146573.44
Sacramento,2015-04,1605500.61
Sacramento,2015-05,2407616.31
Sacramento,2015-06,1752457.3599999999
Sacramento,2015-07,1804035.98
Sacramento,2015-08,2041120.4100000001
Sacramento,2015-09,1579561.21
Sacramento,2015-10,1425446.22
Sacramento,2015-11,2032169.73
Sacramento,2015-12,1506902.36
Sacramento,2016-01,2266011.36
Sacramento,2016-02,2133996.46
Sacramento,2016-03,1780763.7
Sacramento,2016-04,1959088.4000000001
Sacramento,2016-05,2522886.41
Sacramento,2016-06,2027817.64
Sacramento,2016-07,2482701.11
Sacramento,2016-08,1873309.47
Sacramento,2016-09,1760444.39
Sacramento,2016-10,1602052.08
Sacramento,2016-11,1134144.08
Sacramento,2016-12,1579815.28
Sacramento,2017-01,2578387.98
Sacramento,2017-02,2188759.58
Sacramento,2017-03,1558132.11
Sacramento,2017-04,1982256.48
Sacramento,2017-05,1879687.91
Sacramento,2017-06,1836314.81
Sacramento,2017-07,2449387.26
Sacramento,2017-08,1631094.8800000001
Sacramento,2017-09,1421439.92
Sacramento,2017-10,1758460.29
Sacramento,2017-11,1515799.2
Sacramento,2017-12,2392708.42
Sacramento,2018-01,2062520.93
Sacramento,2018-02,2571254.88
Sacramento,2018-03,2233973.95
SanDiego,2015-01,1938714.04
SanDiego,2015-02,2201152.01
SanDiego,2015-03,2566217.69
SanDiego,2015-04,1952019.48
SanDiego,2015-05,2895409.04
SanDiego,2015-06,2373825.96
SanDiego,2015-07,2081471.4400000002
SanDiego,2015-08,2643994.69
SanDiego,2015-09,1946347.26
SanDiego,2015-10,1785280.82
SanDiego,2015-11,2274544.61
SanDiego,2015-12,1926748.98
SanDiego,2016-01,3130577.67
SanDiego,2016-02,2760097.23
SanDiego,2016-03,2531659.9699999997
SanDiego,2016-04,2438785.2800000003
SanDiego,2016-05,3124875.24
SanDiego,2016-06,2504924.54
SanDiego,2016-07,2873828.69
SanDiego,2016-08,2295011.59
SanDiego,2016-09,2126858.81
SanDiego,2016-10,2139624.87
SanDiego,2016-11,1448471.42
SanDiego,2016-12,1963335.5599999998
SanDiego,2017-01,3268660.46
SanDiego,2017-02,2670298.82
SanDiego,2017-03,1928236.11
SanDiego,2017-04,2457138.57
SanDiego,2017-05,2251275.16
SanDiego,2017-06,2326631.21
SanDiego,2017-07,2588268.03
SanDiego,2017-08,1761875.15
SanDiego,2017-09,1480529.88
SanDiego,2017-10,1960489.59
SanDiego,2017-11,1772816.82
SanDiego,2017-12,2728072.5100000002
SanDiego,2018-01,2005989.29
SanDiego,2018-02,2477371.45
SanDiego,2018-03,2190489.75
SanFrancisco,2015-01,3412453.05
SanFrancisco,2015-02,3901284.29
SanFrancisco,2015-03,4374888.140000001
SanFrancisco,2015-04,3087772.4699999997
SanFrancisco,2015-05,4366759.17
SanFrancisco,2015-06,2865966.41
SanFrancisco,2015-07,2776162.0700000003
SanFrancisco,2015-08,3202480.67
SanFrancisco,2015-09,2538158.76
SanFrancisco,2015-10,2536071.2199999997
SanFrancisco,2015-11,3686864.8899999997
SanFrancisco,2015-12,2696940.64
SanFrancisco,2016-01,4170324.67
SanFrancisco,2016-02,3768721.86
SanFrancisco,2016-03,3087248.29
SanFrancisco,2016-04,3523617.13
SanFrancisco,2016-05,4632948.55
SanFrancisco,2016-06,3330739.98
SanFrancisco,2016-07,4300684.54
SanFrancisco,2016-08,3600684.43
SanFrancisco,2016-09,3480721.68
SanFrancisco,2016-10,2965686.45
SanFrancisco,2016-11,2071454.38
SanFrancisco,2016-12,2596795.88
SanFrancisco,2017-01,4941736.87
SanFrancisco,2017-02,4162495.59
SanFrancisco,2017-03,2627945.87
SanFrancisco,2017-04,3600133.35
SanFrancisco,2017-05,3013237.83
SanFrancisco,2017-06,2883787.23
SanFrancisco,2017-07,3782475.65
SanFrancisco,2017-08,2783149.2
SanFrancisco,2017-09,2761024.36
SanFrancisco,2017-10,3698213.89
SanFrancisco,2017-11,3024242.1
SanFrancisco,2017-12,4593060.95
SanFrancisco,2018-01,4164492.57
SanFrancisco,2018-02,4758218.92
SanFrancisco,2018-03,4060547.7800000003
Seattle,2015-01,2199923.69
Seattle,2015-02,2493971.8000000003
Seattle,2015-03,2680097.93
Seattle,2015-04,2090667.05
Seattle,2015-05,3115312.56
Seattle,2015-06,2333893.85
Seattle,2015-07,2240010.54
Seattle,2015-08,2724356.85
Seattle,2015-09,2194080.43
Seattle,2015-10,2268068.33
Seattle,2015-11,2566595.23
Seattle,2015-12,2150121.19
Seattle,2016-01,3992436.92
Seattle,2016-02,3299901.67
Seattle,2016-03,3088198.06
Seattle,2016-04,3397848.63
Seattle,2016-05,4453121.86
Seattle,2016-06,3002897.59
Seattle,2016-07,3298421.0
Seattle,2016-08,2518238.4899999998
Seattle,2016-09,2577220.16
Seattle,2016-10,3200786.67
Seattle,2016-11,1891703.49
Seattle,2016-12,2467643.88
Seattle,2017-01,4446587.37
Seattle,2017-02,3582730.9
Seattle,2017-03,3155012.01
Seattle,2017-04,3995068.4
Seattle,2017-05,3300132.82
Seattle,2017-06,2922365.77
Seattle,2017-07,3197569.16
Seattle,2017-08,2099813.02
Seattle,2017-09,1698990.39
Seattle,2017-10,2189564.75
Seattle,2017-11,1784623.22
Seattle,2017-12,2655107.93
Seattle,2018-01,2538433.49
Seattle,2018-02,2854343.4899999998
Seattle,2018-03,2548317.37
SouthCarolina,2015-01,1187831.51
SouthCarolina,2015-02,1380967.6
SouthCarolina,2015-03,1598991.77
SouthCarolina,2015-04,1326427.79
SouthCarolina,2015-05,1884121.22
SouthCarolina,2015-06,1466387.23
SouthCarolina,2015-07,1451164.65
SouthCarolina,2015-08,1596619.01
SouthCarolina,2015-09,1203056.96
SouthCarolina,2015-10,1002708.54
SouthCarolina,2015-11,1180112.24
SouthCarolina,2015-12,967478.14
SouthCarolina,2016-01,1586835.9
SouthCarolina,2016-02,1645628.6
SouthCarolina,2016-03,1412776.3800000001
SouthCarolina,2016-04,1562279.26
SouthCarolina,2016-05,2347973.89
SouthCarolina,2016-06,1635288.5
SouthCarolina,2016-07,1982700.0899999999
SouthCarolina,2016-08,1540542.24
SouthCarolina,2016-09,1462099.27
SouthCarolina,2016-10,1379875.85
SouthCarolina,2016-11,992610.4299999999
SouthCarolina,2016-12,1154247.59
SouthCarolina,2017-01,2015727.99
SouthCarolina,2017-02,1882038.75
SouthCarolina,2017-03,1373597.1099999999
SouthCarolina,2017-04,1928356.81
SouthCarolina,2017-05,1688634.1900000002
SouthCarolina,2017-06,1645968.04
SouthCarolina,2017-07,1990911.94
SouthCarolina,2017-08,1444330.17
SouthCarolina,2017-09,1281844.94
SouthCarolina,2017-10,1546546.92
SouthCarolina,2017-11,1267048.1300000001
SouthCarolina,2017-12,1903961.91
SouthCarolina,2018-01,1839469.51
SouthCarolina,2018-02,1997291.17
SouthCarolina,2018-03,1999320.6600000001
SouthCentral,2015-01,21249906.33
SouthCentral,2015-02,23536576.12
SouthCentral,2015-03,28939747.11
SouthCentral,2015-04,23748715.71
SouthCentral,2015-05,31314365.56
SouthCentral,2015-06,25905139.25
SouthCentral,2015-07,23693376.53
SouthCentral,2015-08,26689239.36
SouthCentral,2015-09,22201838.85
SouthCentral,2015-10,20282545.59
SouthCentral,2015-11,23468190.43
SouthCentral,2015-12,19424953.15
SouthCentral,2016-01,27152751.35
SouthCentral,2016-02,25074813.97
SouthCentral,2016-03,24909594.93
SouthCentral,2016-04,26526901.14
SouthCentral,2016-05,34532845.22
SouthCentral,2016-06,25064897.97
SouthCentral,2016-07,28865723.0
SouthCentral,2016-08,23335085.71
SouthCentral,2016-09,25109312.8
SouthCentral,2016-10,24227073.33
SouthCentral,2016-11,17173310.73
SouthCentral,2016-12,22126389.439999998
SouthCentral,2017-01,33344726.56
SouthCentral,2017-02,29771515.150000002
SouthCentral,2017-03,22940352.79
SouthCentral,2017-04,35737818.4
SouthCentral,2017-05,27725512.83
SouthCentral,2017-06,27657223.0
SouthCentral,2017-07,31500371.99
SouthCentral,2017-08,23152479.97
SouthCentral,2017-09,19145387.11
SouthCentral,2017-10,24408341.37
SouthCentral,2017-11,21076792.07
SouthCentral,2017-12,28962094.53
SouthCentral,2018-01,27451309.41
SouthCentral,2018-02,33600227.63
SouthCentral,2018-03,30252172.44
Southeast,2015-01,11111798.09
Southeast,2015-02,13007774.51
Southeast,2015-03,15506342.11
Southeast,2015-04,12917944.44
Southeast,2015-05,18221446.79
Southeast,2015-06,14183440.82
Southeast,2015-07,13732685.33
Southeast,2015-08,14536682.03
Southeast,2015-09,12153432.34
Southeast,2015-10,11049822.92
Southeast,2015-11,13091804.120000001
Southeast,2015-12,10582035.56
Southeast,2016-01,17792740.75
Southeast,2016-02,18041033.59
Southeast,2016-03,14587339.52
Southeast,2016-04,17259913.040000003
Southeast,2016-05,24614792.61
Southeast,2016-06,16517486.37
Southeast,2016-07,19573739.580000002
Southeast,2016-08,15235508.96
Southeast,2016-09,15139884.120000001
Southeast,2016-10,14689171.13
Southeast,2016-11,10732156.89
Southeast,2016-12,13937711.09
Southeast,2017-01,21435315.99
Southeast,2017-02,19366252.02
Southeast,2017-03,12815106.52
Southeast,2017-04,18507144.06
Southeast,2017-05,16789490.15
Southeast,2017-06,15841230.71
Southeast,2017-07,18260136.26
Southeast,2017-08,13363492.55
Southeast,2017-09,11652121.65
Southeast,2017-10,16130369.26
Southeast,2017-11,13136008.07
Southeast,2017-12,19440584.62
Southeast,2018-01,18316088.21
Southeast,2018-02,21462638.48
Southeast,2018-03,20505743.85
Spokane,2015-01,307266.56
Spokane,2015-02,374298.55
Spokane,2015-03,403816.93
Spokane,2015-04,327283.61
Spokane,2015-05,474138.43
Spokane,2015-06,349096.87
Spokane,2015-07,338723.61
Spokane,2015-08,377497.58999999997
Spokane,2015-09,296464.44
Spokane,2015-10,301881.31
Spokane,2015-11,327743.19
Spokane,2015-12,303476.08
Spokane,2016-01,517054.41000000003
Spokane,2016-02,458122.48
Spokane,2016-03,405834.55
Spokane,2016-04,450506.0
Spokane,2016-05,583382.52
Spokane,2016-06,412682.2
Spokane,2016-07,459507.38
Spokane,2016-08,351906.12
Spokane,2016-09,338008.07
Spokane,2016-10,416092.27
Spokane,2016-11,301298.06
Spokane,2016-12,311772.48
Spokane,2017-01,612484.2999999999
Spokane,2017-02,513221.23
Spokane,2017-03,486378.76
Spokane,2017-04,562856.74
Spokane,2017-05,465043.71
Spokane,2017-06,419256.57
Spokane,2017-07,487728.15
Spokane,2017-08,316469.68
Spokane,2017-09,263656.39
Spokane,2017-10,337803.57
Spokane,2017-11,290371.71
Spokane,2017-12,396257.49
Spokane,2018-01,397803.14
Spokane,2018-02,430847.44
Spokane,2018-03,397242.89
StLouis,2015-01,725478.72
StLouis,2015-02,862043.29
StLouis,2015-03,862461.93
StLouis,2015-04,749760.05
StLouis,2015-05,1182116.5
StLouis,2015-06,826736.15
StLouis,2015-07,894333.03
StLouis,2015-08,1063069.88
StLouis,2015-09,737664.44
StLouis,2015-10,628378.08
StLouis,2015-11,751565.98
StLouis,2015-12,618967.19
StLouis,2016-01,1035506.7
StLouis,2016-02,849559.3
StLouis,2016-03,746556.06
StLouis,2016-04,870096.84
StLouis,2016-05,1362049.7000000002
StLouis,2016-06,1057343.36
StLouis,2016-07,1426397.15
StLouis,2016-08,850553.78
StLouis,2016-09,673649.91
StLouis,2016-10,744339.95
StLouis,2016-11,501959.45
StLouis,2016-12,526463.4
StLouis,2017-01,858305.16
StLouis,2017-02,708728.67
StLouis,2017-03,503126.62
StLouis,2017-04,822309.42
StLouis,2017-05,887274.25
StLouis,2017-06,831589.19
StLouis,2017-07,973461.7799999999
StLouis,2017-08,677579.0599999999
StLouis,2017-09,638418.98
StLouis,2017-10,670030.84
StLouis,2017-11,597107.69
StLouis,2017-12,820190.84
StLouis,2018-01,841269.23
StLouis,2018-02,888158.4
StLouis,2018-03,808232.36
Syracuse,2015-01,170898.78
Syracuse,2015-02,195451.25
Syracuse,2015-03,243172.78
Syracuse,2015-04,205055.44
Syracuse,2015-05,337244.22000000003
Syracuse,2015-06,265319.81
Syracuse,2015-07,266428.32
Syracuse,2015-08,238312.03
Syracuse,2015-09,187893.58000000002
Syracuse,2015-10,190396.25
Syracuse,2015-11,243352.25
Syracuse,2015-12,190808.55000000002
Syracuse,2016-01,338956.52999999997
Syracuse,2016-02,296905.55
Syracuse,2016-03,291329.83999999997
Syracuse,2016-04,273333.23
Syracuse,2016-05,412604.7
Syracuse,2016-06,332799.15
Syracuse,2016-07,373569.79000000004
Syracuse,2016-08,258842.17
Syracuse,2016-09,236707.73
Syracuse,2016-10,273237.57
Syracuse,2016-11,154879.82
Syracuse,2016-12,186202.66
Syracuse,2017-01,362969.48
Syracuse,2017-02,302975.45
Syracuse,2017-03,312271.08999999997
Syracuse,2017-04,402744.54
Syracuse,2017-05,331464.44
Syracuse,2017-06,254720.74
Syracuse,2017-07,372975.63
Syracuse,2017-08,290556.57
Syracuse,2017-09,265272.77
Syracuse,2017-10,265903.82
Syracuse,2017-11,237625.31
Syracuse,2017-12,332498.18
Syracuse,2018-01,325281.49
Syracuse,2018-02,346257.14
Syracuse,2018-03,375449.02999999997
Tampa,2015-01,1070887.4
Tampa,2015-02,1319270.29
Tampa,2015-03,1597988.77
Tampa,2015-04,1374384.13
Tampa,2015-05,1866274.96
Tampa,2015-06,1499879.41
Tampa,2015-07,1464461.34
Tampa,2015-08,1517962.94
Tampa,2015-09,1384705.1199999999
Tampa,2015-10,1312098.79
Tampa,2015-11,1507945.6
Tampa,2015-12,1215739.1
Tampa,2016-01,2118904.84
Tampa,2016-02,2055935.4200000002
Tampa,2016-03,1543846.3599999999
Tampa,2016-04,1926469.84
Tampa,2016-05,2642947.09
Tampa,2016-06,1677538.41
Tampa,2016-07,2062937.9300000002
Tampa,2016-08,1601060.8499999999
Tampa,2016-09,1608024.23
Tampa,2016-10,1596450.48
Tampa,2016-11,1174877.54
Tampa,2016-12,1671756.3699999999
Tampa,2017-01,2380851.8800000004
Tampa,2017-02,2064008.6400000001
Tampa,2017-03,1241960.97
Tampa,2017-04,1899591.33
Tampa,2017-05,1743211.8
Tampa,2017-06,1546783.67
Tampa,2017-07,1728824.68
Tampa,2017-08,1275886.86
Tampa,2017-09,1151646.79
Tampa,2017-10,1864225.53
Tampa,2017-11,1434118.05
Tampa,2017-12,2219026.9
Tampa,2018-01,1998165.64
Tampa,2018-02,2383778.92
Tampa,2018-03,2260110.44
TotalUS,2015-01,120453518.06
TotalUS,2015-02,137503440.18
TotalUS,2015-03,158757311.22
TotalUS,2015-04,130552492.47
TotalUS,2015-05,182752153.71
TotalUS,2015-06,144304087.94
TotalUS,2015-07,135088853.76
TotalUS,2015-08,158191823.93
TotalUS,2015-09,124257822.92999999
TotalUS,2015-10,115231050.17999999
TotalUS,2015-11,138719625.15
TotalUS,2015-12,111443041.89
TotalUS,2016-01,179118249.31
TotalUS,2016-02,161566817.60999998
TotalUS,2016-03,147686868.8
TotalUS,2016-04,151936060.7
TotalUS,2016-05,211814173.25
TotalUS,2016-06,154985478.5
TotalUS,2016-07,176758565.23
TotalUS,2016-08,139879340.8
TotalUS,2016-09,136744721.35
TotalUS,2016-10,135775521.28
TotalUS,2016-11,97906206.17
TotalUS,2016-12,124987139.78
TotalUS,2017-01,201461887.49
TotalUS,2017-02,178173517.29
TotalUS,2017-03,135677134.64
TotalUS,2017-04,185292136.52
TotalUS,2017-05,160638753.02
TotalUS,2017-06,155101164.25
TotalUS,2017-07,179955079.75
TotalUS,2017-08,128238408.96
TotalUS,2017-09,107595048.48
TotalUS,2017-10,136697529.66
TotalUS,2017-11,122366786.61
TotalUS,2017-12,173496116.71
TotalUS,2018-01,162729514.85
TotalUS,2018-02,188381335.26000002
TotalUS,2018-03,172521404.10999998
West,2015-01,22893134.37
West,2015-02,26096211.56
West,2015-03,29205519.98
West,2015-04,25203480.2
West,2015-05,31910488.19
West,2015-06,26356396.12
West,2015-07,23936506.86
West,2015-08,27984844.68
West,2015-09,22646749.12
West,2015-10,21389335.87
West,2015-11,25260791.939999998
West,2015-12,21786860.74
West,2016-01,35835895.51
West,2016-02,31570490.07
West,2016-03,28937696.21
West,2016-04,29771663.38
West,2016-05,39186978.62
West,2016-06,28518174.78
West,2016-07,31122741.19
West,2016-08,25752614.49
West,2016-09,24240386.849999998
West,2016-10,25992364.88
West,2016-11,18883113.89
West,2016-12,24765215.14
West,2017-01,38821214.629999995
West,2017-02,33610697.67
West,2017-03,28038276.39
West,2017-04,35686951.93
West,2017-05,30569621.89
West,2017-06,29110592.919999998
West,2017-07,33848735.0
West,2017-08,22465937.23
West,2017-09,17218485.74
West,2017-10,23023191.25
West,2017-11,22705233.9
West,2017-12,29955477.55
West,2018-01,28877793.31
West,2018-02,33305519.74
West,2018-03,30293771.96
WestTexNewMexico,2015-01,2819489.07
WestTexNewMexico,2015-02,3185019.77
WestTexNewMexico,2015-03,4058369.7399999998
WestTexNewMexico,2015-04,3687947.76
WestTexNewMexico,2015-05,4801198.39
WestTexNewMexico,2015-06,4029475.8200000003
WestTexNewMexico,2015-07,3284604.59
WestTexNewMexico,2015-08,4040653.74
WestTexNewMexico,2015-09,3111713.12
WestTexNewMexico,2015-10,2634429.71
WestTexNewMexico,2015-11,3154285.4499999997
WestTexNewMexico,2015-12,2716810.95
WestTexNewMexico,2016-01,3400319.43
WestTexNewMexico,2016-02,3886678.18
WestTexNewMexico,2016-03,3640551.89
WestTexNewMexico,2016-04,3596533.08
WestTexNewMexico,2016-05,4946503.09
WestTexNewMexico,2016-06,4108101.73
WestTexNewMexico,2016-07,4413370.41
WestTexNewMexico,2016-08,3276183.02
WestTexNewMexico,2016-09,3267310.18
WestTexNewMexico,2016-10,3362850.42
WestTexNewMexico,2016-11,2722710.74
WestTexNewMexico,2016-12,3186319.43
WestTexNewMexico,2017-01,5004235.83
WestTexNewMexico,2017-02,4608575.8
WestTexNewMexico,2017-03,3589778.94
WestTexNewMexico,2017-04,5030861.15
WestTexNewMexico,2017-05,4380391.21
WestTexNewMexico,2017-06,4311083.71
WestTexNewMexico,2017-07,4775491.48
WestTexNewMexico,2017-08,3207082.37
WestTexNewMexico,2017-09,2525510.76
WestTexNewMexico,2017-10,3195490.65
WestTexNewMexico,2017-11,2881991.36
WestTexNewMexico,2017-12,3879096.0300000003
WestTexNewMexico,2018-01,3870570.08
WestTexNewMexico,2018-02,4205551.75
WestTexNewMexico,2018-03,3740595.33
